3417900001;"Preuss-Ströhen,Kirche";32476176,928;5816575,451;39,975;981289,6  
3417900002;"Preuss-Ströhen,Bössel 3";32475554,657;5817273,919;39,352;981290,4  
3417900003;"Pr.Ströhen,Hs.183,Gasthof";32474985,765;5817845,117;39,249;981291,171
3417900004;"Preuss-Ströhen,Bhf";32474537,896;5818182,574;40,298;
3417900005;"Pr.Ströhen,K70,Zollstation 2";32475728,693;5818426,311;39,064;981290,674
3417900006;"Preuss-Ströhen,Hs.147";32476804,006;5818940,239;38,888;981290,5  
3417900007;"Preuss-Ströhen,Bhf Wagenfeld";32474551,901;5818203,906;40,341;981291,345
3417900008;"Preuss-Ströhen,DB Km 42.2,Dchl";32474484,210;5818447,280;38,926;981291,828
3417900009;"Preuss-Ströhen,Zur Sandhordt 5";32476803,334;5818941,090;38,826;981290,5  
3417900010;"Preuss-Ströhen,Km 1,400,Trafo";32476187,248;5818722,335;38,823;981290,7  
3417900012;"Ströhen,Moororter Birkenweg 1";32476263,790;5818736,900;38,980;981291,   
3417900101;"Pr-Ströhen,Hs.237";32474567,880;5817902,685;39,397;981291,   
