Trig Name,STATION NAME,New Name,EASTING,NORTHING,HEIGHT,ORDER,TYPE OF MARK,SECONDARY COMPUTING BLOCK,Computing Date,Maintained,CLASS OF LEVELLING,Date of Levelling,LEVELLING DATUM,DESTROYED MARK INDICATOR,COMMENTS
A' Bhuideaneach Bheag,NN96/1,NN96S001,266068.401,777600.466,936.345,2,PILLAR,NN96,01/06/1959,01/05/1977,2,01/06/1959,N,0,
A' Chrannag,NM52/H283,NM52H283,143358.43,738611.42,0,4,BOLT,NM52,01/06/1960,01/06/1980,0,,,0,
A' Chroic,NM52/H201,NM52H201,122948.27,762789.65,0,4,BOLT,NM52,01/06/1960,,0,,,0,
A' Chruach,NG80/DM/T19,NG80T019,177199.77,797778.2,395.325,3,BOLT,NG80,01/06/1959,01/07/1978,2,01/06/1959,N,0,HT TO BOLT IN ROCK
A H Palmers,SO92/T70,SO92T070,381859.44,215516.87,0,4,BOLT,SO92,01/06/1951,01/07/1962,0,,,0,
Abberton Wtr Twr,PP230,PP230,600402.773,219010.057,0,1,BOLT,FIG5,01/06/1938,01/09/1980,0,,,0,
2 Site Raf Boiler Ho Twr Heald Grn,SD80/T150,SD80T150,385233.4,385540.52,0,4,BOLT,SD80,01/06/1949,,0,,,1,Dest 05/67
2 Site Raf Boiler Ho Twr Heald Grn,SD80/T150,SD80T150,385234.03,385541.1,0,4,CENTRE,SD80,01/06/1949,,0,,,1,Dest 05/67
2 Site Twr,SD80/T190,SD80T190,385601.73,409172.65,0,4,BOLT,SD80,01/06/1949,,0,,,1,Dest 09/82
