Unique Number,Name,Established by,Condition,NTS map sheet,Latitude,Latitude sigma,Longitude,Longitude sigma,Ellipsoidal height,Ellipsoidal height sigma,V(n),Vsig(n),V(e),Vsig(e),V(u),Vsig(u),Reference system,Published year,Project ID,CGVD2013,CGVD2013 Published Year,CGVD2013 Project ID,IGLD85,IGLD85 Published Year,IGLD85 Project ID,CGVD28,CGVD28 Published Year,CGVD28 Project ID,
802510,802510,MAPPING AND CHARTING ESTABLISHMENT - DND,GOOD,021L14,46.8319935,,71.4005222,,,,,,,,,,NAD83,1990,MA90500,,,,,,,,,,
9224068,9224068,CANADIAN COAST GUARD,GOOD,021L14,46.82526361,0.001,71.19588325,0.001,-23.0512,0.006,,,,,,,NAD83CSRS,2009,M06707,,,,,,,,,,
692015,ST DAVID,CANADIAN GEODETIC SURVEY - NRCAN,DESTROYED,021L14,46.7532785,,71.1954854,,,,,,,,,,NAD83,1990,MA90500,,,,,,,,,,
65K0295,LAUZON,QUE. MINISTERE DE L'ENERGIE ET DES RESSOURCES (SERVICE DE LA GÉODÉSIE),GOOD,021L14,46.81463515,0.0025,71.15718211,0.0019,93.1391,0.0152,,,,,,,NAD83CSRS,2024,M21-000,,,,,,,,,,
09213,QUEBEC,CANADIAN GEODETIC SURVEY - NRCAN,GOOD,021L14,46.8056071,,71.2074814,,,,,,,,,,NAD83,1990,MA90500,,,,,,,,,,
70K4608,70K4608,QUE. MINISTERE DE L'ENERGIE ET DES RESSOURCES (SERVICE DE LA GÉODÉSIE),GOOD,021L14,46.8070733,,71.2093837,,,,,,,,,,NAD83,1990,MA90500,,,,,,,,,,
8229128,PIP 40077-1982,CANADIAN HYDROGRAPHIC SERVICE - F & O,GOOD,021L14,46.75547685,0.0025,71.27204951,0.002,-23.9923,0.0151,,,,,,,NAD83CSRS,2024,M21-000,3.973,2013,H13ML1311,4.281,1992,IGLD85AP92,4.287,1996,N16L96,
23273,BRIDGE,CANADIAN GEODETIC SURVEY - NRCAN,GOOD,021L11,46.7478769,,71.2891355,,,,,,,,,,NAD83,1990,MA90500,,,,,,,,,,
60L976R,976-R,CANADIAN GEODETIC SURVEY - NRCAN,GOOD,021L11,46.7480,,71.2950,,,,,,,,,,,,,6.091,2013,H13ML1311,6.383,1992,IGLD85AP92,6.406,1966,VA,
66L554,66-L-554,CANADIAN GEODETIC SURVEY - NRCAN,DESTROYED,021L14,46.7660,,71.2880,,,,,,,,,,,,,91.670,2013,H13ML1311,91.967,1992,IGLD85AP92,91.979,1966,VA,
26L06S,6S,CANADIAN GEODETIC SURVEY - NRCAN,GOOD,021L14,46.7530,,71.1240,,,,,,,,,,,,,79.268,2013,H13ML1311,79.571,1992,IGLD85AP92,79.581,1986,CP86211,
23L1037,NO. 140 (Q.C.),CANADIAN GEODETIC SURVEY - NRCAN,DESTROYED,021L14,46.7880,,71.2680,,,,,,,,,,,,,17.139,2013,H13ML1311,17.439,1992,IGLD85AP92,17.455,1963,VA,
